Date,Open,High,Low,Close,Volume
12/26/2017,267.049988,267.440002,266.890015,267.190002,45244400
12/27/2017,267.380005,267.730011,267.01001,267.320007,57751000
12/28/2017,267.890015,267.920013,267.450012,267.869995,45116100
12/29/2017,268.529999,268.549988,266.640015,266.859985,96007400
1/2/2018,267.839996,268.809998,267.399994,268.769989,86655700
1/3/2018,268.959991,270.640015,268.959991,270.470001,90070400
1/4/2018,271.200012,272.160004,270.540009,271.609985,80636400
1/5/2018,272.51001,273.559998,271.950012,273.420013,83524000
1/8/2018,273.309998,274.100006,272.980011,273.920013,57319200
1/9/2018,274.399994,275.25,274.079987,274.540009,57254000
1/10/2018,273.679993,274.420013,272.920013,274.119995,69574300
1/11/2018,274.75,276.119995,274.559998,276.119995,62361500
1/12/2018,276.420013,278.109985,276.079987,277.920013,90816100
1/16/2018,279.350006,280.089996,276.179993,276.970001,106555100
1/17/2018,278.029999,280.049988,276.970001,279.609985,113258800
1/18/2018,279.480011,279.959991,278.579987,279.140015,100728000
1/19/2018,279.799988,280.410004,279.140015,280.410004,140920100
1/22/2018,280.170013,282.690002,280.109985,282.690002,91322400
1/23/2018,282.73999,283.619995,282.369995,283.290009,97084700
1/24/2018,284.019989,284.700012,281.839996,283.179993,134816100
1/25/2018,284.160004,284.269989,282.399994,283.299988,84587300
1/26/2018,284.25,286.630005,283.959991,286.579987,107743100
1/29/2018,285.929993,286.429993,284.5,284.679993,90118300
1/30/2018,282.600006,284.73999,281.220001,281.76001,131796400
1/31/2018,282.730011,283.299988,280.679993,281.899994,108364800
2/1/2018,281.070007,283.059998,280.679993,281.579987,90102500
2/2/2018,280.079987,280.230011,275.410004,275.450012,173174800
2/5/2018,273.450012,275.850006,263.309998,263.929993,294681800
2/6/2018,259.940002,269.700012,258.700012,269.130005,355026800
2/7/2018,268.5,272.359985,267.579987,267.670013,167376100
2/8/2018,268.01001,268.170013,257.589996,257.630005,246449500
2/9/2018,260.799988,263.609985,252.919998,261.5,283565300
2/12/2018,263.829987,267.01001,261.660004,265.339996,143736000
2/13/2018,263.970001,266.619995,263.309998,266,81223600
2/14/2018,264.309998,270,264.299988,269.589996,120735700
2/15/2018,271.570007,273.040009,268.769989,273.029999,111200300
2/16/2018,272.320007,275.320007,272.269989,273.109985,160420100
2/20/2018,272.029999,273.670013,270.5,271.399994,86369700
2/21/2018,271.899994,274.720001,269.940002,270.049988,98883700
2/22/2018,271.100006,273.049988,269.640015,270.399994,110511300
2/23/2018,271.790009,274.709991,271.25,274.709991,92766400
2/26/2018,275.929993,278.01001,275.26001,277.899994,86491400
2/27/2018,278.109985,278.920013,274.359985,274.429993,99099200
2/28/2018,275.679993,276.190002,271.290009,271.649994,121907800
3/1/2018,271.410004,273.170013,266,267.700012,176855100
3/2/2018,265.799988,269.720001,264.820007,269.079987,139083200
3/5/2018,267.730011,272.890015,267.609985,272.190002,97307400
3/6/2018,273.299988,273.390015,271.179993,272.880005,79213200
3/7/2018,270.420013,273.179993,270.200012,272.779999,87063500
3/8/2018,273.549988,274.23999,272.420013,274.100006,66901200
3/9/2018,275.700012,278.869995,275.339996,278.869995,113625300
3/12/2018,279.200012,279.910004,278.079987,278.519989,71924800
3/13/2018,279.839996,280.410004,276.029999,276.720001,91968900
3/14/2018,277.809998,278.019989,274.670013,275.299988,105895100
3/15/2018,275.880005,276.609985,274.429993,275,83433000
3/16/2018,274.5,275.390015,274.140015,274.200012,100343700
3/19/2018,273.350006,274.399994,268.619995,270.48999,109208400
3/20/2018,270.940002,271.670013,270.179993,270.950012,59757300
3/21/2018,270.899994,273.269989,270.190002,270.429993,78709600
3/22/2018,267.910004,268.869995,263.359985,263.670013,148785900
3/23/2018,264.170013,264.540009,257.829987,258.049988,183534800
3/26/2018,262.130005,265.429993,259.410004,265.109985,141956100
3/27/2018,266.170013,266.769989,258.839996,260.600006,129941400
3/28/2018,260.75,262.640015,258.579987,259.829987,146452300
3/29/2018,261.119995,265.26001,259.839996,263.149994,111601600
4/2/2018,262.549988,263.130005,254.669998,257.470001,186286300
4/3/2018,258.869995,261.309998,256.839996,260.769989,119956900
4/4/2018,256.75,264.359985,256.600006,263.559998,123715300
4/5/2018,265.549988,266.640015,264.320007,265.640015,82652600
4/6/2018,263.420013,265.109985,258,259.720001,179521200
4/9/2018,261.369995,264.839996,259.940002,261,105442900
4/10/2018,264.269989,266.040009,262.980011,265.149994,103529000
4/11/2018,263.470001,265.640015,263.390015,263.76001,91140200
4/12/2018,265.26001,267,265.059998,265.929993,68890500
4/13/2018,267.410004,267.540009,264.01001,265.149994,85079200
4/16/2018,267,268.200012,266.070007,267.329987,63405300
4/17/2018,269.329987,270.869995,268.75,270.190002,64682000
4/18/2018,270.690002,271.299988,269.869995,270.390015,57303900
4/19/2018,269.649994,269.880005,267.720001,268.890015,77655900
4/20/2018,268.809998,269.059998,265.609985,266.609985,99953100
4/23/2018,267.26001,267.890015,265.350006,266.570007,65558000
4/24/2018,267.730011,267.980011,261.279999,262.980011,112885500
4/25/2018,262.910004,264.130005,260.850006,263.630005,103840900
4/26/2018,264.790009,267.25,264.290009,266.309998,67731900
4/27/2018,267,267.339996,265.5,266.559998,57053600
4/30/2018,267.26001,267.890015,264.429993,264.51001,82182300
5/1/2018,263.869995,265.100006,262.109985,264.980011,74203400
5/2/2018,264.76001,265.679993,262.76001,263.200012,86368900
5/3/2018,262.26001,263.359985,259.049988,262.619995,136311500
5/4/2018,261.519989,266.790009,261.149994,266.019989,91222100
5/7/2018,266.890015,268.019989,266.109985,266.920013,55304900
5/8/2018,266.5,267.329987,265.149994,266.920013,67499200
5/9/2018,267.679993,269.869995,267.089996,269.5,59666100
5/10/2018,270.339996,272.390015,270.220001,272.019989,72063900
5/11/2018,272.160004,273.149994,271.579987,272.850006,59871500
5/14/2018,273.339996,274.079987,272.359985,272.980011,54790600
5/15/2018,271.589996,271.609985,270.029999,271.100006,87036100
5/16/2018,271.140015,272.76001,271.109985,272.23999,53942600
5/17/2018,271.940002,273.230011,271.130005,272.01001,56536400
5/18/2018,271.619995,272.029999,270.929993,271.329987,64368000
5/21/2018,273.01001,273.980011,272.570007,273.369995,58025900
5/22/2018,273.959991,274.25,272.23999,272.609985,52966400
5/23/2018,271.170013,273.390015,270.98999,273.359985,64694200
5/24/2018,272.910004,273.220001,270.779999,272.799988,76043800
5/25/2018,272.149994,272.859985,271.579987,272.149994,56374800
5/29/2018,270.309998,271.170013,267.76001,269.019989,115908600
5/30/2018,270.5,273.109985,270.420013,272.609985,69678400
5/31/2018,272.149994,272.48999,270.26001,270.940002,93519900
6/1/2018,272.410004,273.940002,272.329987,273.600006,71258400
6/4/2018,274.529999,275.190002,274.26001,274.899994,45385200
6/5/2018,275.049988,275.529999,274.179993,275.100006,51135000
6/6/2018,275.790009,277.519989,275.089996,277.399994,62732200
6/7/2018,277.950012,278.279999,276.339996,277.369995,72969400
6/8/2018,276.850006,278.25,276.660004,278.190002,72139700
6/11/2018,278.440002,279.369995,278.309998,278.559998,58892500
6/12/2018,279.029999,279.329987,278.190002,278.920013,72329000
6/13/2018,279.190002,279.480011,277.799988,278.029999,79070600
6/14/2018,279.01001,279.329987,278.059998,278.730011,77097600
6/15/2018,276.600006,277.51001,275.350006,277.130005,120041600
6/18/2018,275.48999,276.700012,274.950012,276.559998,52917600
6/19/2018,274,275.75,273.529999,275.5,97531500
6/20/2018,276.269989,276.720001,275.589996,275.970001,53785500
6/21/2018,275.959991,275.980011,273.679993,274.23999,71061400
6/22/2018,275.660004,275.790009,274.48999,274.73999,54898500
6/25/2018,273.440002,273.619995,269.100006,271,137854200
6/26/2018,271.640015,272.559998,270.790009,271.600006,68547400
6/27/2018,272.26001,273.869995,269.179993,269.350006,105110700
6/28/2018,269.290009,271.75,268.48999,270.890015,76650500
6/29/2018,272.119995,273.660004,271.149994,271.279999,97592500
7/2/2018,269.51001,272.040009,269.23999,271.859985,63554800
7/3/2018,272.869995,272.980011,270.420013,270.899994,42187100
7/5/2018,272.170013,273.179993,270.959991,273.109985,56925900
7/6/2018,273.140015,275.839996,272.709991,275.420013,66493700
7/9/2018,276.549988,277.959991,276.5,277.899994,50550400
7/10/2018,278.410004,279.01001,278.079987,278.899994,51966800
7/11/2018,277.149994,278.040009,276.519989,276.859985,77054700
7/12/2018,278.279999,279.429993,277.600006,279.369995,60124700
7/13/2018,279.170013,279.929993,278.660004,279.589996,48216000
7/16/2018,279.640015,279.799988,278.839996,279.339996,48201000
7/17/2018,278.470001,280.910004,278.410004,280.470001,52315500
7/18/2018,280.559998,281.179993,280.059998,281.059998,44593500
7/19/2018,280.309998,280.73999,279.459991,280,61412100
7/20/2018,279.769989,280.480011,279.5,279.679993,82337700
7/23/2018,279.450012,280.429993,279.059998,280.200012,47047600
7/24/2018,281.790009,282.559998,280.630005,281.609985,68026900
7/25/2018,281.329987,284.369995,281.279999,284.01001,78882900
7/26/2018,283.200012,284.109985,283.089996,283.339996,57919500
7/27/2018,283.709991,283.820007,280.380005,281.420013,76768700
7/30/2018,281.51001,281.690002,279.359985,279.950012,63742500
7/31/2018,280.809998,282.019989,280.380005,281.329987,68570500
8/1/2018,281.559998,282.130005,280.130005,280.859985,53853300
8/2/2018,279.390015,282.579987,279.160004,282.390015,63426400
8/3/2018,282.529999,283.660004,282.329987,283.600006,53935400
8/6/2018,283.640015,284.98999,283.200012,284.640015,39400900
8/7/2018,285.390015,286.01001,285.23999,285.579987,43196600
8/8/2018,285.390015,285.910004,284.940002,285.459991,42114600
8/9/2018,285.529999,285.970001,284.920013,285.070007,35717000
8/10/2018,283.450012,284.059998,282.359985,283.160004,77076000
8/13/2018,283.470001,284.160004,281.769989,282.100006,65732900
8/14/2018,282.920013,284.170013,282.480011,283.899994,43842000
8/15/2018,282.380005,282.540009,280.160004,281.779999,102925400
8/16/2018,283.399994,285.040009,283.359985,284.059998,69967900
8/17/2018,283.829987,285.559998,283.369995,285.059998,65618500
8/20/2018,285.570007,285.970001,285.059998,285.670013,39807500
8/21/2018,286.25,287.309998,285.709991,286.339996,67272000
8/22/2018,285.880005,286.76001,285.579987,286.170013,44993300
8/23/2018,285.970001,286.940002,285.429993,285.790009,49204900
8/24/2018,286.440002,287.670013,286.380005,287.51001,57487400
8/27/2018,288.859985,289.899994,288.679993,289.779999,57072400
8/28/2018,290.299988,290.420013,289.399994,289.920013,46943500
8/29/2018,290.160004,291.73999,289.890015,291.480011,61485500
8/30/2018,290.940002,291.359985,289.630005,290.299988,61229500
8/31/2018,289.839996,290.809998,289.290009,290.309998,66140800
9/4/2018,289.839996,290.209991,288.679993,289.809998,57594400
9/5/2018,289.410004,289.640015,287.890015,289.029999,72452400
9/6/2018,289.149994,289.48999,287,288.160004,65909900
9/7/2018,286.980011,288.700012,286.709991,287.600006,73524800
9/10/2018,288.73999,289.040009,287.880005,288.100006,50210900
9/11/2018,287.369995,289.549988,286.980011,289.049988,50530500
9/12/2018,289.059998,289.799988,288.230011,289.119995,59810800
9/13/2018,290.320007,291.040009,290,290.829987,51034200
9/14/2018,291.059998,291.269989,290,290.880005,55079900
9/17/2018,290.820007,290.859985,289.029999,289.339996,68244000
9/18/2018,289.579987,291.579987,289.549988,290.910004,61930400
9/19/2018,290.970001,291.690002,290.829987,291.220001,49080600
9/20/2018,292.640015,293.940002,291.23999,293.579987,100360600
9/21/2018,293.089996,293.220001,291.809998,291.98999,105479700
9/24/2018,291.339996,291.5,290.369995,291.019989,53409600
9/25/2018,291.529999,291.649994,290.480011,290.75,44370000
9/26/2018,290.910004,292.23999,289.410004,289.880005,79739700
9/27/2018,290.410004,291.910004,290.100006,290.690002,59249500
9/28/2018,289.98999,291.279999,289.950012,290.720001,70091400
10/1/2018,292.109985,292.929993,290.980011,291.730011,62078900
10/2/2018,291.559998,292.359985,291.140015,291.559998,47258200
10/3/2018,292.73999,293.209991,291.320007,291.720001,64694600
10/4/2018,291.179993,291.23999,287.660004,289.440002,111545900
10/5/2018,289.690002,290.269989,286.220001,287.820007,105951700
10/8/2018,287.049988,288.220001,285.5,287.820007,87742200
10/9/2018,287.390015,288.859985,286.769989,287.399994,74339000
10/10/2018,286.829987,286.910004,277.880005,278.299988,214731000
10/11/2018,277.079987,278.899994,270.359985,272.170013,274840500
10/12/2018,276.769989,277.089996,272.369995,275.950012,183186500
10/15/2018,275.549988,277.040009,274.299988,274.399994,102263700
10/16/2018,276.600006,280.820007,276.070007,280.399994,118255800
10/17/2018,280.440002,281.149994,277.559998,280.450012,110626000
10/18/2018,279.399994,280.070007,274.970001,276.399994,134557500
10/19/2018,277.130005,279.299988,275.470001,276.25,139901600
10/22/2018,277,277.359985,274.410004,275.01001,82415800
10/23/2018,270.950012,274.869995,268.609985,273.609985,146352700
10/24/2018,273.329987,273.76001,264.700012,265.320007,177806700
10/25/2018,267.380005,271.809998,266.230011,270.079987,138061500
10/26/2018,265.920013,271,262.290009,265.329987,201574600
10/29/2018,268.799988,270.25,259.850006,263.859985,160749100
10/30/2018,263.670013,268.119995,263.119995,267.769989,157116000
10/31/2018,270.649994,273.230011,270.119995,270.630005,128296300
11/1/2018,271.600006,273.730011,270.380005,273.51001,99495000
11/2/2018,274.75,275.230011,269.589996,271.890015,122634100
11/5/2018,272.440002,274.01001,271.350006,273.390015,65622500
11/6/2018,273.320007,275.299988,273.25,275.119995,60085900
11/7/2018,277.559998,281.100006,277.079987,281.01001,102752100
11/8/2018,280.109985,281.220001,279.220001,280.5,65584900
11/9/2018,279.029999,279.23999,276.179993,277.76001,98812600
11/12/2018,277.190002,277.459991,271.98999,272.570007,99673600
11/13/2018,273.089996,275.329987,271.25,272.059998,98176600
11/14/2018,274.160004,274.609985,268.450012,270.200012,125335900
11/15/2018,268.779999,273.540009,267.01001,273.019989,135101400
11/16/2018,271.790009,274.75,271.209991,273.730011,126668000
11/19/2018,273.049988,273.380005,268.070007,269.100006,103061700
11/20/2018,265.359985,267,263.149994,264.119995,136021300
11/21/2018,265.859985,267.149994,265.01001,265.019989,75563700
11/23/2018,263.179993,264.820007,263.070007,263.25,42807900
11/26/2018,265.779999,267.75,265.339996,267.5,79981400
11/27/2018,266.339996,268.399994,265.660004,268.399994,75502400
11/28/2018,269.600006,274.579987,268.329987,274.579987,127629600
11/29/2018,273.709991,275.549988,272.429993,273.980011,82346400
11/30/2018,273.809998,276.279999,273.450012,275.649994,98204200
12/3/2018,280.279999,280.399994,277.51001,279.299988,103176300
12/4/2018,278.369995,278.850006,269.899994,270.25,177986000
12/6/2018,265.920013,269.970001,262.440002,269.839996,204185400
12/7/2018,269.459991,271.220001,262.630005,263.570007,161018900
12/10/2018,263.369995,265.160004,258.619995,264.070007,151445900
12/11/2018,267.660004,267.869995,262.480011,264.130005,121504400
12/12/2018,267.470001,269,265.369995,265.459991,97976700
12/13/2018,266.519989,267.48999,264.119995,265.369995,96662700
12/14/2018,262.959991,264.029999,259.850006,260.470001,116961100
12/17/2018,259.399994,260.649994,253.529999,255.360001,165492300
12/18/2018,257.200012,257.950012,253.279999,255.080002,134515100
12/19/2018,255.169998,259.399994,249.350006,251.259995,214992800
12/20/2018,249.860001,251.619995,244.649994,247.169998,252053400
12/21/2018,246.740005,249.710007,239.979996,240.699997,255345600
12/24/2018,239.039993,240.839996,234.270004,234.339996,147311600
12/26/2018,235.970001,246.179993,233.759995,246.179993,218485400
12/27/2018,242.570007,248.289993,238.960007,248.070007,186267300
12/28/2018,249.580002,251.399994,246.449997,247.75,153100200
12/31/2018,249.559998,250.190002,247.470001,249.919998,144299400
1/2/2019,245.979996,251.210007,245.949997,250.179993,126925200
1/3/2019,248.229996,248.570007,243.669998,244.210007,144140700
1/4/2019,247.589996,253.110001,247.169998,252.389999,142628800
1/7/2019,252.690002,255.949997,251.690002,254.380005,103139100
1/8/2019,256.820007,257.309998,254,256.769989,102512600
1/9/2019,257.559998,258.910004,256.190002,257.970001,95006600
1/10/2019,256.26001,259.160004,255.5,258.880005,96823900
1/11/2019,257.679993,259.01001,257.029999,258.980011,73858100
1/14/2019,256.859985,258.299988,256.410004,257.399994,70908200
1/15/2019,257.820007,260.700012,257.809998,260.350006,85208300
1/16/2019,260.829987,261.970001,260.600006,260.980011,77636700
1/17/2019,260.01001,263.920013,259.959991,262.959991,96118400
1/18/2019,264.980011,266.980011,263,266.459991,127900300
1/22/2019,264.820007,265.059998,261.059998,262.859985,115531200
1/23/2019,264.01001,264.790009,260.660004,263.410004,86030300
1/24/2019,263.209991,264.200012,262.079987,263.549988,59204100
1/25/2019,265.609985,266.700012,263.660004,265.779999,96883400
1/28/2019,263.390015,263.829987,261.790009,263.76001,85613700
1/29/2019,263.920013,264.549988,262.480011,263.410004,66136300
1/30/2019,265.100006,268.519989,264.25,267.579987,92473700
1/31/2019,267.51001,270.470001,267.269989,269.929993,104012100
2/1/2019,270.149994,271.200012,269.179993,270.059998,85782500
2/4/2019,270.109985,272.029999,269.359985,271.959991,60744800
2/5/2019,272.440002,273.440002,271.880005,273.100006,79552800
2/6/2019,272.790009,273.339996,271.920013,272.73999,58347800
2/7/2019,270.940002,271.549988,268.290009,270.140015,95482000
2/8/2019,268.75,270.579987,267.829987,270.470001,75788900
2/11/2019,271.200012,271.48999,270.029999,270.619995,68021400
2/12/2019,272.420013,274.519989,272.339996,274.100006,72270200
2/13/2019,275.029999,275.929993,274.559998,274.98999,65277200
2/14/2019,273.779999,275.640015,272.869995,274.380005,83234400
2/15/2019,276.359985,277.410004,276.130005,277.369995,97088700
2/19/2019,276.480011,278.579987,276.470001,277.850006,59120800
2/20/2019,277.809998,278.920013,277.25,278.410004,76610800
2/21/2019,277.700012,278.100006,276.350006,277.420013,64214700
2/22/2019,278.109985,279.359985,277.399994,279.140015,78114600
2/25/2019,280.730011,281.309998,279.429993,279.519989,69030700
2/26/2019,279.130005,280.299988,278.899994,279.320007,56844100
2/27/2019,278.519989,279.589996,277.480011,279.200012,56921600
2/28/2019,278.959991,279.450012,278.320007,278.679993,69268300
3/1/2019,280.440002,280.880005,278.820007,280.420013,78880500
3/4/2019,281.600006,281.869995,276.839996,279.399994,106494600
3/5/2019,279.540009,279.76001,278.410004,279.019989,59114600
3/6/2019,279.149994,279.160004,276.970001,277.329987,75039800
3/7/2019,276.829987,276.98999,274.070007,275.01001,94885100
3/8/2019,272.940002,274.649994,272.420013,274.459991,85795800
3/11/2019,275.26001,278.619995,275.230011,278.440002,65098900
3/12/2019,279.059998,280.070007,278.850006,279.48999,79667500
3/13/2019,280.480011,282.380005,280.299988,281.339996,80639200
3/14/2019,281.369995,281.839996,280.670013,281.160004,67518400
3/15/2019,280.540009,282.209991,280.329987,281.309998,81309000
3/18/2019,281.549988,282.660004,281.299988,282.329987,62199800
3/19/2019,283.51001,284.359985,281.410004,282.399994,90268100
3/20/2019,282.160004,283.5,280.320007,281.549988,84609200
3/21/2019,280.640015,285.179993,280.589996,284.730011,79550400
3/22/2019,283.220001,283.799988,279.179993,279.25,122659300
3/25/2019,278.869995,280.190002,277.640015,279.040009,85575200
3/26/2019,280.98999,282.179993,279.559998,281.119995,68125900
3/27/2019,281.109985,281.76001,277.929993,279.649994,72224700
3/28/2019,280.350006,281.209991,279.070007,280.709991,56238500
3/29/2019,282.390015,282.839996,281.140015,282.480011,82186800
4/1/2019,284.700012,286.160004,284.399994,285.829987,77617900
4/2/2019,286.040009,286.230011,285.089996,285.970001,40070400
4/3/2019,287.320007,287.76001,285.75,286.420013,68243200
4/4/2019,286.779999,287.459991,286.01001,287.179993,48997500
4/5/2019,287.920013,288.630005,287.600006,288.570007,58621700
4/8/2019,288.100006,288.910004,287.369995,288.790009,53566300
4/9/2019,287.720001,288.079987,286.700012,287.309998,66142300
4/10/2019,287.769989,288.390015,287.309998,288.290009,52601500
4/11/2019,288.829987,288.839996,287.579987,288.209991,55093100
4/12/2019,290,290.470001,288.26001,290.160004,69727800
4/15/2019,290.23999,290.350006,289.079987,289.970001,49596700
4/16/2019,290.950012,291.01001,289.5,290.160004,52153200
4/17/2019,291.399994,291.429993,288.98999,289.450012,58268300
4/18/2019,290.100006,290.320007,288.660004,290.019989,68708500
4/22/2019,289.170013,290.440002,289.070007,290.269989,40160100
4/23/2019,290.679993,293.140015,290.420013,292.880005,52246600
4/24/2019,292.790009,293.160004,292.070007,292.230011,50392900
4/25/2019,292.119995,292.779999,290.730011,292.049988,57770900
4/26/2019,292.100006,293.48999,291.23999,293.410004,50916400
4/29/2019,293.51001,294.450012,293.410004,293.869995,57197700
4/30/2019,293.48999,294.339996,291.920013,294.019989,81111700
5/1/2019,294.720001,294.950012,291.799988,291.809998,71671900
5/2/2019,291.679993,292.700012,289.519989,291.179993,65030200
5/3/2019,292.820007,294.339996,291.299988,294.029999,56543700
5/6/2019,289.25,293.309998,288.899994,292.820007,107198100
5/7/2019,290.149994,290.809998,285.809998,287.929993,144729900
5/8/2019,287.529999,289.429993,286.869995,287.529999,91568300
5/9/2019,285.230011,287.329987,283.299988,286.660004,103471100
5/10/2019,285.619995,288.940002,282.299988,288.100006,112429300
5/13/2019,282.420013,283.48999,279.929993,280.859985,127290500
5/14/2019,281.98999,285.100006,281.850006,283.399994,77003200
5/15/2019,281.589996,285.769989,281.359985,285.059998,73956400
5/16/2019,285.839996,289.209991,285.76001,287.700012,76749600
5/17/2019,285.140015,288.600006,285.119995,285.839996,100353000
5/20/2019,284.059998,285.959991,283.119995,283.950012,62877600
5/21/2019,285.829987,286.929993,285.549988,286.51001,46847100
5/22/2019,285.450012,286.690002,285.100006,285.630005,49482500
5/23/2019,283.160004,283.209991,280.570007,282.140015,98733800
5/24/2019,283.73999,284.200012,282.089996,282.779999,55268100
5/28/2019,283.089996,284.149994,280.130005,280.149994,70029400
5/29/2019,278.910004,279.359985,276.709991,278.269989,104972900
5/30/2019,279.109985,280.040009,277.809998,279.029999,62523800
5/31/2019,276.200012,277.119995,275.23999,275.269989,86862800
6/3/2019,275.309998,276.549988,273.089996,274.570007,96428000
6/4/2019,277.119995,280.679993,276.619995,280.529999,77231900
6/5/2019,282.329987,282.98999,280.320007,282.959991,71169700
6/6/2019,283.290009,285.549988,282.570007,284.799988,69430400
6/7/2019,285.929993,288.850006,285.73999,287.649994,74272200
6/10/2019,289.369995,290.820007,288.869995,288.970001,60799100
6/11/2019,290.98999,291.399994,288.179993,288.899994,58641300
6/12/2019,288.640015,289.26001,287.820007,288.390015,47096300
6/13/2019,289.399994,289.980011,288.619995,289.579987,48945200
6/14/2019,289.26001,289.929993,288.410004,289.26001,52324700
6/17/2019,289.519989,290.220001,289.179993,289.369995,39205700
6/18/2019,291.390015,293.570007,290.98999,292.399994,85434800
6/19/2019,292.549988,293.649994,291.470001,293.059998,78674400
6/20/2019,296.040009,296.309998,293.130005,295.859985,116570000
6/21/2019,294.130005,295.519989,293.76001,294,83309500
6/24/2019,294.230011,294.579987,293.470001,293.640015,47582700
6/25/2019,293.700012,293.730011,290.640015,290.76001,82028700
6/26/2019,291.75,292.309998,290.350006,290.470001,51584900
6/27/2019,291.309998,292.059998,290.890015,291.5,40355200
6/28/2019,292.579987,293.549988,292.01001,293,59350900
7/1/2019,296.679993,296.920013,294.329987,295.660004,78705600
7/2/2019,295.609985,296.48999,294.679993,296.429993,61504500
7/3/2019,297.179993,298.820007,297.019989,298.799988,40898900
7/5/2019,297.440002,298.640015,296.01001,298.459991,51677300
7/8/2019,297.01001,298.26001,296.220001,296.820007,45841800
7/9/2019,295.540009,297.519989,295.480011,297.190002,41101300
7/10/2019,298.369995,299.660004,297.779999,298.609985,58448500
7/11/2019,299.320007,299.579987,298.200012,299.309998,50826100
7/12/2019,299.850006,300.730011,299.51001,300.649994,40326000
7/15/2019,301.130005,301.130005,300.190002,300.75,33900000
7/16/2019,300.649994,300.880005,299.440002,299.779999,36650100
7/17/2019,299.75,299.929993,297.73999,297.73999,36036300
7/18/2019,297.190002,299.25,296.700012,298.829987,51392600
7/19/2019,300.040009,300.070007,296.980011,297.170013,58678600
7/22/2019,297.609985,298.5,297.040009,297.899994,43638100
7/23/2019,299.140015,300.029999,298.220001,300.029999,44564500
7/24/2019,299.190002,301.440002,299.089996,301.440002,47213200
7/25/2019,300.940002,301,299.109985,300,55394100
7/26/2019,300.76001,302.230011,300.619995,302.01001,45084100
7/29/2019,301.880005,302.01001,300.850006,301.459991,38126500
7/30/2019,299.910004,301.170013,299.48999,300.720001,45849000
7/31/2019,300.98999,301.200012,295.200012,297.429993,104245200
8/1/2019,297.600006,300.869995,293.959991,294.839996,142646600
8/2/2019,293.850006,294.119995,290.899994,292.619995,116749700
8/5/2019,288.089996,288.209991,281.720001,283.820007,178745400
8/6/2019,285.910004,288.040009,284.279999,287.799988,120711700
8/7/2019,284.399994,288.820007,282.040009,287.970001,140572300
8/8/2019,289.619995,293.619995,289.01001,293.619995,87713900
8/9/2019,292.579987,293.23999,289.649994,291.619995,93730000
8/12/2019,289.959991,291.609985,287.019989,288.070007,65527600
8/13/2019,287.73999,294.149994,287.359985,292.549988,94299800
8/14/2019,288.070007,288.73999,283.76001,283.899994,135622100
8/15/2019,284.880005,285.640015,282.390015,284.649994,99556600
8/16/2019,286.480011,289.329987,284.709991,288.850006,83018300
8/19/2019,292.190002,293.079987,291.440002,292.329987,53571800
8/20/2019,291.769989,292.359985,289.950012,290.089996,51596400
8/21/2019,292.480011,292.859985,291.720001,292.450012,49524700
8/22/2019,293.230011,293.929993,290.399994,292.359985,51666400
8/23/2019,290.920013,292.76001,283.470001,284.850006,149161500
8/26/2019,287.269989,288,285.579987,288,72423800
8/27/2019,289.540009,289.950012,286.029999,286.869995,66668900
8/28/2019,286.140015,289.070007,285.25,288.890015,59696700
8/29/2019,291.720001,293.160004,290.609985,292.579987,57899400
8/30/2019,294.220001,294.23999,291.420013,292.450012,62901200
9/3/2019,290.570007,291.579987,289.269989,290.73999,69101400
9/4/2019,293.140015,294.059998,292.309998,294.040009,46887300
9/5/2019,296.790009,298.829987,294,297.820007,83258100
9/6/2019,298.170013,298.76001,297.420013,298.049988,49584300
9/9/2019,299.140015,299.23999,297.160004,298.200012,51260300
9/10/2019,297.359985,298.200012,295.970001,298.130005,57947100
9/11/2019,298.470001,300.339996,297.75,300.25,68821100
9/12/2019,301.25,302.459991,300.410004,301.290009,72908700
9/13/2019,301.779999,302.170013,300.679993,301.089996,62104800
9/16/2019,299.839996,301.140015,299.450012,300.160004,58191200
9/17/2019,299.940002,301.019989,299.75,300.920013,41475500
9/18/2019,300.48999,301.220001,298.23999,301.100006,73375800
9/19/2019,301.529999,302.630005,300.709991,301.079987,76560500
9/20/2019,300.359985,300.670013,297.410004,298.279999,89565000
9/23/2019,297.549988,299,297.269989,298.209991,43476800
9/24/2019,299.410004,299.839996,294.809998,295.869995,94869400
9/25/2019,295.959991,298.109985,294.329987,297.619995,71854000
9/26/2019,297.630005,297.859985,295.450012,297,56179700
9/27/2019,297.829987,297.950012,293.690002,295.399994,84746600
9/30/2019,295.970001,297.549988,295.920013,296.769989,51662400
10/1/2019,297.73999,298.459991,293,293.23999,88242400
10/2/2019,291.5,291.51001,286.640015,288.059998,122539500
10/3/2019,287.809998,290.450012,284.820007,290.420013,85278800
10/4/2019,291.140015,294.630005,291.079987,294.350006,65091200
10/7/2019,293.470001,295.26001,292.769989,293.079987,59610500
10/8/2019,291.040009,291.850006,288.48999,288.529999,95708100
10/9/2019,290.75,292.299988,290.059998,291.269989,62359400
10/10/2019,291.179993,294.209991,291,293.23999,55296300
10/11/2019,296.269989,298.73999,296.140015,296.279999,98720400
10/14/2019,295.929993,296.670013,295.570007,295.950012,40394800
10/15/2019,297.100006,299.700012,296.970001,298.880005,46754500
10/16/2019,298.369995,299.160004,297.920013,298.399994,48928200
10/17/2019,299.679993,300.23999,298.519989,299.279999,45736600
10/18/2019,298.690002,299.399994,297.029999,297.970001,64304000
10/21/2019,299.420013,300.209991,298.940002,299.98999,39048600
10/22/2019,300.579987,300.899994,298.910004,299.01001,48594700
10/23/2019,298.730011,299.940002,298.5,299.880005,34352200
10/24/2019,300.910004,301.070007,299.459991,300.369995,35453100
10/25/2019,299.73999,302.200012,299.679993,301.600006,45205400
10/28/2019,302.940002,303.850006,302.910004,303.299988,42147000
10/29/2019,303,304.230011,302.859985,303.209991,44284900
10/30/2019,303.429993,304.549988,301.98999,304.140015,49643900
10/31/2019,304.130005,304.130005,301.730011,303.329987,69053800
11/1/2019,304.920013,306.190002,304.73999,306.140015,71141500
11/4/2019,307.850006,308,306.959991,307.369995,60606900
11/5/2019,307.589996,307.920013,306.709991,307.029999,42933200
11/6/2019,307.029999,307.399994,306.059998,307.100006,46487100
11/7/2019,308.570007,309.649994,307.660004,308.179993,54272300
11/8/2019,307.799988,309,307.029999,308.940002,49032100
11/11/2019,307.420013,308.540009,307.269989,308.350006,35797300
11/12/2019,308.75,309.98999,308.149994,309,46484600
11/13/2019,307.910004,309.540009,307.660004,309.100006,53917700
11/14/2019,308.790009,309.640015,308.089996,309.549988,51219900
11/15/2019,311.019989,311.839996,310.26001,311.790009,62023600
11/18/2019,311.529999,312.279999,311.029999,312.019989,49228000
11/19/2019,312.679993,312.690002,311.220001,311.929993,67804700
11/20/2019,311.279999,311.850006,309.059998,310.769989,79406200
11/21/2019,310.890015,311.01001,309.390015,310.269989,54664700
11/22/2019,311.089996,311.23999,309.850006,310.959991,44850200
11/25/2019,311.980011,313.369995,311.980011,313.369995,48647200
11/26/2019,313.410004,314.279999,313.059998,314.079987,37569000
11/27/2019,314.609985,315.480011,314.369995,315.480011,44444600
11/29/2019,314.859985,315.130005,314.059998,314.309998,36592700
12/2/2019,314.589996,314.660004,311.170013,311.640015,75767800
12/3/2019,308.649994,309.640015,307.130005,309.549988,73941700
12/4/2019,310.700012,312.119995,310.320007,311.459991,49080000
12/5/2019,312.230011,312.25,310.579987,312.019989,40709000
12/6/2019,314.119995,315.309998,314.109985,314.869995,48927000
12/9/2019,314.440002,315.179993,313.799988,313.880005,34838500
12/10/2019,313.820007,314.549988,312.809998,313.529999,52649800
12/11/2019,314.029999,314.700012,313.440002,314.420013,53429100
12/12/2019,314.429993,317.98999,314.170013,317.130005,96389600
12/13/2019,316.869995,318.670013,316.019989,317.320007,81503900
12/16/2019,319.220001,320.149994,317.25,319.5,82749700
12/17/2019,319.920013,320.25,319.480011,319.570007,61097700
12/18/2019,320,320.25,319.529999,319.589996,48133000
12/19/2019,319.799988,320.980011,319.519989,320.899994,85310500
12/20/2019,320.459991,321.970001,319.390015,320.730011,147142100
12/23/2019,321.589996,321.649994,321.059998,321.220001,52990000
12/24/2019,321.470001,321.519989,320.899994,321.230011,20270000
12/26/2019,321.649994,322.950012,321.640015,322.940002,30911200
12/27/2019,323.73999,323.799988,322.279999,322.859985,42528800
12/30/2019,322.950012,323.100006,320.549988,321.079987,49729100
12/31/2019,320.529999,322.130005,320.149994,321.859985,57077300
1/2/2020,323.540009,324.890015,322.529999,324.869995,59151200
1/3/2020,321.160004,323.640015,321.100006,322.410004,77709700
1/6/2020,320.48999,323.730011,320.359985,323.640015,55653900
1/7/2020,323.019989,323.540009,322.23999,322.730011,40496400
1/8/2020,322.940002,325.779999,322.670013,324.450012,68296000
1/9/2020,326.160004,326.730011,325.519989,326.649994,48473300
1/10/2020,327.290009,327.459991,325.200012,325.709991,53029300
1/13/2020,326.390015,327.959991,325.920013,327.950012,47086800
1/14/2020,327.470001,328.619995,326.839996,327.450012,62832800
1/15/2020,327.350006,329.019989,327.26001,328.190002,72056600
1/16/2020,329.700012,330.920013,329.450012,330.920013,54050300
1/17/2020,331.700012,332.179993,330.850006,331.950012,95846000
1/21/2020,330.899994,332.179993,330.820007,331.299988,77742400
1/22/2020,332.23999,332.950012,331.170013,331.339996,48914900
1/23/2020,330.630005,332.170013,329.410004,331.720001,51963000
1/24/2020,332.440002,332.529999,327.359985,328.769989,87578400
1/27/2020,323.029999,325.119995,322.660004,323.5,84062500
1/28/2020,325.059998,327.850006,323.600006,326.890015,63834000
1/29/2020,328.380005,328.630005,326.399994,326.619995,53888900
1/30/2020,324.359985,327.910004,323.540009,327.679993,75491800
1/31/2020,327,327.170013,320.730011,321.730011,113845600
2/3/2020,323.350006,326.160004,323.220001,324.119995,69083000
2/4/2020,328.070007,330.01001,327.720001,329.059998,62573200
2/5/2020,332.269989,333.089996,330.670013,332.859985,65951100
2/6/2020,333.910004,334.190002,332.799988,333.980011,50359700
2/7/2020,332.820007,333.98999,331.600006,332.200012,64139400
2/10/2020,331.230011,334.75,331.190002,334.679993,42070000
2/11/2020,336.160004,337.019989,334.679993,335.26001,54864500
2/12/2020,336.829987,337.649994,336.429993,337.420013,43992700
2/13/2020,335.859985,338.119995,335.559998,337.059998,54501900
2/14/2020,337.51001,337.730011,336.200012,337.600006,64582200
2/18/2020,336.51001,337.670013,335.209991,336.730011,57226200
2/19/2020,337.790009,339.079987,337.480011,338.339996,48814700
2/20/2020,337.73999,338.640015,333.679993,336.950012,74163400
2/21/2020,335.470001,335.809998,332.579987,333.480011,113788200
2/24/2020,323.140015,333.559998,321.23999,322.420013,161088400
2/25/2020,323.940002,324.609985,311.690002,312.649994,218913200
2/26/2020,314.179993,318.109985,310.700012,311.5,194773800
2/27/2020,305.459991,311.559998,297.51001,297.51001,284353500
2/28/2020,288.700012,297.890015,285.540009,296.26001,384975800
3/2/2020,298.209991,309.160004,294.459991,309.089996,238703600
3/3/2020,309.5,313.839996,297.570007,300.23999,300139100
3/4/2020,306.119995,313.100006,303.329987,312.859985,176613400
3/5/2020,304.980011,308.470001,300.01001,302.459991,186366800
3/6/2020,293.149994,298.779999,290.230011,297.459991,228667200
3/9/2020,275.299988,284.190002,273.450012,274.230011,309417300
3/10/2020,284.640015,288.519989,273.5,288.420013,276444100
3/11/2020,280.700012,281.940002,270.880005,274.359985,255316300
3/12/2020,256,266.660004,247.679993,248.110001,392220700
3/13/2020,263.089996,271.480011,248.520004,269.320007,329566100
3/16/2020,241.179993,256.899994,237.360001,239.850006,297240000
3/17/2020,245.039993,256.170013,237.070007,252.800003,262070500
3/18/2020,236.25,248.369995,228.020004,240,327597100
3/19/2020,239.25,247.380005,232.220001,240.509995,289322000
3/20/2020,242.529999,244.470001,228.5,228.800003,347158800
3/23/2020,228.190002,229.679993,218.259995,222.949997,326025200
3/24/2020,234.419998,244.100006,233.800003,243.149994,235494500
3/25/2020,244.869995,256.350006,239.75,246.789993,299430300
3/26/2020,249.520004,262.799988,249.050003,261.200012,257632800
3/27/2020,253.270004,260.809998,251.050003,253.419998,224341200
3/30/2020,255.699997,262.429993,253.529999,261.649994,171369500
3/31/2020,260.559998,263.329987,256.220001,257.75,194881100
4/1/2020,247.979996,257.660004,243.899994,246.149994,189554600
4/2/2020,245.190002,252.679993,244.589996,251.830002,177660400
4/3/2020,250.759995,253.320007,245.220001,248.190002,135561200
4/6/2020,257.839996,267,248.169998,264.859985,188061200
4/7/2020,274.209991,275.029999,264.890015,265.130005,201427200
4/8/2020,267.959991,276,265.25,274.029999,153774500
4/9/2020,277.579987,281.200012,275.470001,278.200012,189999200
4/13/2020,277.140015,277.51001,271.410004,275.660004,114839100
4/14/2020,280.980011,284.899994,275.51001,283.790009,134143400
4/15/2020,277.570007,283.940002,275.459991,277.76001,121775000
4/16/2020,279.149994,280.029999,275.76001,279.100006,131798300
4/17/2020,285.380005,287.299988,282.399994,286.640015,146684800
4/20/2020,282.609985,286.790009,281.350006,281.589996,100109300
4/21/2020,276.730011,278.040009,272.019989,273.040009,126385700
4/22/2020,278.350006,281,276.910004,279.100006,92951600
4/23/2020,280.48999,283.940002,278.75,279.079987,104709700
4/24/2020,280.730011,283.700012,278.5,282.970001,85063200
4/27/2020,285.119995,288.269989,284.619995,287.049988,77896600
4/28/2020,291.019989,291.399994,285.399994,285.730011,105270000
4/29/2020,291.529999,294.880005,290.410004,293.209991,118745600
4/30/2020,291.709991,293.320007,288.589996,290.480011,122901700
5/1/2020,285.309998,290.660004,281.519989,282.790009,125180000
5/4/2020,280.73999,283.899994,279.130005,283.570007,80873200
5/5/2020,286.640015,289.25,283.709991,286.190002,79569900
5/6/2020,288.040009,288.459991,283.779999,284.25,73632600
5/7/2020,287.75,289.779999,287.130005,287.679993,75250400
5/8/2020,291.089996,292.950012,289.859985,292.440002,76452400
5/11/2020,290.339996,294,289.880005,292.5,79514200
5/12/2020,293.790009,294.23999,286.519989,286.670013,95870800
5/13/2020,286.059998,287.190002,278.959991,281.600006,144721100
5/14/2020,278.950012,285.109985,272.98999,284.970001,121977900
5/15/2020,282.369995,286.329987,281.339996,286.279999,111146300
5/18/2020,293.049988,296.75,292.700012,295,119703800
5/19/2020,294.350006,296.209991,291.950012,291.970001,95189300
5/20/2020,295.820007,297.869995,295.570007,296.929993,85861700
5/21/2020,296.790009,297.670013,293.690002,294.880005,78293900
5/22/2020,294.570007,295.630005,293.220001,295.440002,63958200
5/26/2020,301.929993,302.190002,295.459991,299.079987,88951400
5/27/2020,302.119995,303.570007,296.869995,303.529999,104817400
5/28/2020,304.649994,306.839996,302.23999,302.970001,90405200
5/29/2020,302.459991,304.959991,299.470001,304.320007,119090800
6/1/2020,303.619995,306.209991,303.059998,305.549988,55758300
6/2/2020,306.549988,308.130005,305.100006,308.079987,74267200
6/3/2020,310.23999,313.220001,309.940002,312.179993,92567600
6/4/2020,311.109985,313,309.079987,311.359985,75794400
6/5/2020,317.230011,321.269989,317.160004,319.339996,150524700
6/8/2020,320.220001,323.410004,319.630005,323.200012,73641200
6/9/2020,320.299988,323.279999,319.359985,320.790009,77479200
6/10/2020,321.420013,322.390015,318.220001,319,95000800
6/11/2020,311.459991,312.149994,300.01001,300.609985,209243600
6/12/2020,308.23999,309.079987,298.600006,304.209991,194678900
6/15/2020,298.019989,308.279999,296.73999,307.049988,135782700
6/16/2020,315.480011,315.640015,307.670013,312.959991,137627500
6/17/2020,314.070007,314.390015,310.859985,311.660004,83398900
6/18/2020,310.01001,312.299988,309.51001,311.779999,80828700
6/19/2020,314.170013,314.380005,306.529999,308.640015,135549600
6/22/2020,307.98999,311.049988,306.75,310.619995,74649400
6/23/2020,313.48999,314.5,311.609985,312.049988,68471200
6/24/2020,309.839996,310.51001,302.100006,304.089996,132813500
6/25/2020,303.470001,307.640015,301.279999,307.350006,89468000
6/26/2020,306.160004,306.390015,299.420013,300.049988,127961000
6/29/2020,301.410004,304.609985,298.929993,304.459991,79773300
6/30/2020,303.98999,310.200012,303.820007,308.359985,113394800
7/1/2020,309.570007,311.890015,309.070007,310.519989,72396500
7/2/2020,314.23999,315.700012,311.51001,312.230011,69344200
7/6/2020,316.369995,317.679993,315.559998,317.049988,61713800
7/7/2020,315.380005,317.519989,313.369995,313.779999,82910000
7/8/2020,314.609985,316.299988,312.700012,316.179993,54638600
7/9/2020,316.839996,317.100006,310.679993,314.380005,83354200
7/10/2020,314.309998,317.880005,312.76001,317.589996,57550400
7/13/2020,320.130005,322.709991,314.130005,314.839996,102997500
7/14/2020,313.299988,319.76001,312,318.920013,93657000
7/15/2020,322.410004,323.040009,319.269989,321.850006,87196500
7/16/2020,319.790009,321.279999,319.089996,320.790009,54622500
7/17/2020,321.880005,322.570007,319.73999,321.720001,62774900
7/20/2020,321.429993,325.130005,320.619995,324.320007,56308800
7/21/2020,326.450012,326.929993,323.940002,325.01001,57292200
7/22/2020,324.619995,327.200012,324.5,326.859985,57792900
7/23/2020,326.470001,327.230011,321.480011,322.959991,75738000
7/24/2020,320.950012,321.98999,319.25,320.880005,73766600
7/27/2020,321.630005,323.410004,320.769989,323.220001,48293000
7/28/2020,322.429993,323.640015,320.850006,321.170013,57495000
7/29/2020,322.119995,325.730011,322.079987,325.119995,48454200
7/30/2020,321.899994,324.410004,319.640015,323.959991,61861700
7/31/2020,325.899994,326.630005,321.329987,326.519989,84986800
8/3/2020,328.320007,329.619995,327.730011,328.790009,53077900
8/4/2020,327.859985,330.059998,327.859985,330.059998,41917900
8/5/2020,331.470001,332.390015,331.179993,332.109985,42697700
8/6/2020,331.480011,334.459991,331.130005,334.329987,43679400
8/7/2020,333.279999,334.880005,332.299988,334.570007,57308300
8/10/2020,335.059998,335.769989,332.959991,335.570007,44282100
8/11/2020,336.850006,337.540009,332.01001,332.799988,69601100
8/12/2020,335.440002,338.279999,335.410004,337.440002,53774400
8/13/2020,336.609985,338.25,335.829987,336.829987,41816100
8/14/2020,336.410004,337.420013,335.619995,336.839996,47260400
8/17/2020,337.940002,338.339996,336.850006,337.910004,35481000
8/18/2020,338.339996,339.100006,336.609985,338.640015,38733900
8/19/2020,339.049988,339.609985,336.619995,337.230011,68054200
8/20/2020,335.359985,338.799988,335.220001,338.279999,42207800
8/21/2020,337.920013,339.720001,337.549988,339.480011,55106600
8/24/2020,342.119995,343,339.450012,342.920013,48588700
8/25/2020,343.529999,344.209991,342.269989,344.119995,38463400
8/26/2020,344.76001,347.859985,344.170013,347.570007,50790200
8/27/2020,348.51001,349.899994,346.529999,348.329987,58034100
8/28/2020,349.440002,350.720001,348.149994,350.579987,48588900
8/31/2020,350.350006,351.299988,349.059998,349.309998,66099200
9/1/2020,350.209991,352.709991,349.23999,352.600006,54908700
9/2/2020,354.670013,358.75,353.429993,357.700012,69540000
9/3/2020,355.869995,356.380005,342.589996,345.390015,148011100
9/4/2020,346.130005,347.829987,334.869995,342.570007,139156300
9/8/2020,336.709991,342.640015,332.880005,333.209991,114465300
9/9/2020,337.549988,342.459991,336.609985,339.790009,91462300
9/10/2020,341.820007,342.529999,332.850006,333.890015,90569500
9/11/2020,335.820007,336.970001,331,334.059998,84680200
9/14/2020,337.48999,340.380005,334.220001,338.459991,65605700
9/15/2020,341.119995,342.019989,338.470001,340.170013,52920900
9/16/2020,341.51001,343.059998,338.519989,338.820007,82096000
9/17/2020,333.559998,337.700012,332.98999,335.839996,91523300
9/18/2020,335.369995,335.48999,327.970001,330.649994,105877900
9/21/2020,325.700012,327.130005,321.730011,326.970001,99450800
9/22/2020,328.570007,330.899994,325.859985,330.299988,63612100
9/23/2020,330.899994,331.200012,322.100006,322.640015,93112200
9/24/2020,321.220001,326.799988,319.799988,323.5,76681300
9/25/2020,322.579987,329.579987,321.640015,328.730011,71069400
9/28/2020,333.220001,334.959991,332.149994,334.190002,64584600
9/29/2020,333.970001,334.769989,331.619995,332.369995,51304000
9/30/2020,333.089996,338.290009,332.880005,334.890015,104081100
10/1/2020,337.690002,338.73999,335.01001,337.040009,88698700
10/2/2020,331.700012,337.01001,331.190002,333.839996,89431100
10/5/2020,336.059998,339.959991,336.01001,339.76001,45713100
10/6/2020,339.910004,342.170013,334.380005,334.929993,90128900
10/7/2020,338.119995,341.630005,338.089996,340.76001,56999600
10/8/2020,342.850006,343.850006,341.859985,343.779999,45242500
10/9/2020,345.559998,347.350006,344.890015,346.850006,59528600
10/12/2020,349.589996,354.019989,349.059998,352.429993,80388500
10/13/2020,352.279999,352.470001,349.089996,350.130005,73255500
10/14/2020,350.75,351.929993,347.140015,347.929993,57727900
10/15/2020,343.709991,348.019989,343.130005,347.5,60357700
10/16/2020,348.959991,350.75,347.100006,347.290009,89501900
10/19/2020,348.649994,349.329987,341.040009,342.01001,68425600
10/20/2020,343.459991,346.880005,342.640015,343.380005,60051900
10/21/2020,343.329987,345.670013,342.399994,342.730011,63575000
10/22/2020,342.959991,345.23999,340.649994,344.609985,55399300
10/23/2020,345.929993,345.98999,343.130005,345.779999,49143900
10/26/2020,342.130005,342.980011,335.619995,339.390015,91473000
10/27/2020,339.76001,340.119995,337.98999,338.220001,65994100
10/28/2020,332.100006,338.25,326.130005,326.660004,127094300
10/29/2020,326.910004,333.399994,325.089996,329.980011,90597700
10/30/2020,328.279999,329.690002,322.600006,326.540009,120287300
11/2/2020,330.200012,332.359985,327.23999,330.200012,86068300
11/3/2020,333.690002,338.25,330.290009,336.029999,93294200
11/4/2020,340.859985,347.940002,339.589996,343.540009,126959700
11/5/2020,349.23999,352.190002,348.859985,350.23999,82039700
11/6/2020,349.929993,351.51001,347.649994,350.160004,74973000
11/9/2020,363.970001,364.380005,354.059998,354.559998,172304200
11/10/2020,353.48999,355.179993,350.51001,354.040009,85552000
11/11/2020,356.399994,357.559998,355.059998,356.670013,58649000
11/12/2020,355.579987,356.720001,351.26001,353.209991,67546200
11/13/2020,355.269989,358.899994,354.709991,358.100006,62892200
11/16/2020,360.980011,362.779999,359.589996,362.570007,74541100
11/17/2020,359.970001,361.920013,358.339996,360.619995,66111000
11/18/2020,360.910004,361.5,356.23999,356.279999,70591300
11/19/2020,355.600006,358.179993,354.149994,357.779999,59940900
11/20/2020,357.5,357.720001,355.25,355.329987,70417300
11/23/2020,357.279999,358.820007,354.869995,357.459991,63230600
11/24/2020,360.209991,363.809998,359.290009,363.220001,62415900
11/25/2020,363.130005,363.160004,361.480011,362.660004,45330900
11/27/2020,363.839996,364.179993,362.579987,363.670013,28514100
11/30/2020,362.829987,363.119995,359.170013,362.059998,83872700
12/1/2020,365.570007,367.679993,364.929993,366.019989,74231400
12/2/2020,364.820007,366.959991,364.200012,366.790009,45927000
12/3/2020,366.679993,368.190002,365.5,366.690002,62882000
12/4/2020,367.320007,369.850006,367.220001,369.850006,50749900
12/7/2020,369.019989,369.619995,367.720001,369.089996,48944300
12/8/2020,367.720001,370.779999,367.670013,370.170013,42458900
12/9/2020,370.880005,371.049988,365.950012,366.850006,74098300
12/10/2020,365.369995,367.859985,364.429993,366.730011,57735400
12/11/2020,364.899994,366.73999,363.26001,366.299988,57698600
12/14/2020,368.640015,369.799988,364.470001,364.660004,69216200
12/15/2020,367.399994,369.589996,365.920013,369.589996,63865300
12/16/2020,369.820007,371.160004,368.869995,370.170013,58420500
12/17/2020,371.940002,372.459991,371.049988,372.23999,64119500
12/18/2020,370.970001,371.149994,367.019989,369.179993,136542300
12/21/2020,364.970001,378.459991,362.029999,367.859985,96386700
12/22/2020,368.209991,368.329987,366.029999,367.23999,47949000
12/23/2020,368.279999,369.619995,367.220001,367.570007,46201400
12/24/2020,368.079987,369.029999,367.450012,369,26457900
12/28/2020,371.73999,372.589996,371.070007,372.170013,39000400
12/29/2020,373.809998,374,370.829987,371.459991,53680500
12/30/2020,372.339996,373.100006,371.570007,371.98999,49455300
12/31/2020,371.779999,374.660004,371.230011,373.880005,78520700
1/4/2021,375.309998,375.450012,364.820007,368.790009,110210800
1/5/2021,368.100006,372.5,368.049988,371.329987,66426200
1/6/2021,369.709991,376.980011,369.119995,373.549988,107997700
1/7/2021,376.100006,379.899994,375.910004,379.100006,68766800
1/8/2021,380.589996,381.48999,377.100006,381.26001,71677200
1/11/2021,377.850006,380.579987,377.720001,378.690002,51034700
1/12/2021,378.890015,379.859985,376.359985,378.769989,52547700
1/13/2021,378.690002,380.859985,377.850006,379.790009,45303600
1/14/2021,380.589996,381.130005,378.100006,378.459991,49989100
1/15/2021,376.720001,377.579987,373.700012,375.700012,107160000
1/19/2021,378.339996,379.230011,376.75,378.649994,51233300
1/20/2021,381.109985,384.790009,380.690002,383.890015,61836100
1/21/2021,384.48999,384.950012,383.25,384.23999,47840100
1/22/2021,382.25,384.130005,381.839996,382.880005,52860500
1/25/2021,383.670013,384.769989,378.459991,384.390015,70402000
1/26/2021,385.410004,385.850006,383.540009,383.790009,42665300
1/27/2021,380.220001,380.320007,372.01001,374.410004,123351100
1/28/2021,376.359985,381.929993,375.890015,377.630005,94198100
1/29/2021,375.630005,376.670013,368.269989,370.070007,126765100
2/1/2021,373.720001,377.339996,370.380005,376.230011,75817600
2/2/2021,379.649994,383.220001,376.320007,381.549988,64450700
2/3/2021,382.440002,383.700012,380.480011,381.850006,52427100
2/4/2021,382.959991,386.23999,381.970001,386.190002,47142600
2/5/2021,388.200012,388.470001,386.140015,387.709991,48669800
2/8/2021,389.269989,390.559998,388.350006,390.51001,38365200
2/9/2021,389.609985,390.890015,389.170013,390.25,35551100
2/10/2021,392.119995,392.279999,387.5,390.079987,59154400
2/11/2021,391.23999,391.690002,388.100006,390.709991,42913300
2/12/2021,389.850006,392.899994,389.769989,392.640015,50593300
2/16/2021,393.959991,394.170013,391.529999,392.299988,50972400
2/17/2021,390.420013,392.660004,389.329987,392.390015,52290600
2/18/2021,389.589996,391.519989,387.73999,390.720001,59712800
2/19/2021,392.070007,392.380005,389.549988,390.029999,83241000
2/22/2021,387.059998,389.619995,386.73999,387.029999,67414200
2/23/2021,384.660004,388.950012,380.200012,387.5,107284100
2/24/2021,386.329987,392.230011,385.269989,391.769989,72433900
2/25/2021,390.410004,391.880005,380.779999,382.329987,146670500
2/26/2021,384.350006,385.579987,378.230011,380.359985,152701600
3/1/2021,385.589996,390.920013,380.570007,389.579987,105348800
3/2/2021,389.820007,390.070007,386,386.540009,79595300
3/3/2021,385.790009,386.829987,381.309998,381.420013,119940200
3/4/2021,381.220001,384,371.880005,376.700012,183433000
3/5/2021,380.459991,384.76001,372.640015,383.630005,152039600
3/8/2021,384.660004,387.679993,381.420013,381.720001,123149200
3/9/2021,385.850006,389.910004,385.309998,387.170013,113633600
3/10/2021,389.690002,391.399994,388.170013,389.579987,109899400
3/11/2021,392.230011,395.649994,391.73999,393.529999,86245000
3/12/2021,392.070007,394.209991,391.200012,394.059998,64653600
3/15/2021,394.329987,396.690002,392.029999,396.410004,73427200
3/16/2021,397.070007,397.829987,395.079987,395.910004,73722500
3/17/2021,394.529999,398.119995,393.299988,397.26001,97959300
3/18/2021,394.480011,396.720001,390.75,391.480011,115349100
3/19/2021,389.880005,391.570007,387.149994,389.480011,113624500
3/22/2021,390.029999,394.070007,389.970001,392.589996,73778600
3/23/2021,391.910004,393.459991,388.660004,389.5,90686600
3/24/2021,391,392.75,387.470001,387.519989,97588600
3/25/2021,385.980011,390.549988,383.899994,389.700012,116128600
3/26/2021,390.929993,396.410004,390.290009,395.980011,114409100
3/29/2021,394.399994,396.75,392.809998,395.779999,108107600
3/30/2021,394.420013,395.450012,393.019989,394.730011,76262200
3/31/2021,395.339996,398,395.309998,396.329987,112734200
4/1/2021,398.399994,400.670013,398.179993,400.609985,99682900
4/5/2021,403.459991,406.940002,403.380005,406.359985,91684800
4/6/2021,405.76001,407.23999,405.399994,406.119995,62021000
4/7/2021,405.940002,406.959991,405.450012,406.589996,55836300
4/8/2021,407.929993,408.579987,406.929993,408.519989,57863100
4/9/2021,408.390015,411.670013,408.26001,411.48999,61104600
4/12/2021,410.850006,411.929993,410.200012,411.640015,56704900
4/13/2021,411.529999,413.529999,411.119995,412.859985,56551000
4/14/2021,412.829987,413.959991,410.869995,411.450012,61659900
4/15/2021,413.73999,416.160004,413.690002,415.869995,60229800
4/16/2021,417.25,417.910004,415.730011,417.26001,82037300
4/19/2021,416.26001,416.73999,413.790009,415.209991,78498500
4/20/2021,413.910004,415.089996,410.589996,412.170013,81851800
4/21/2021,411.51001,416.290009,411.359985,416.070007,66793000
4/22/2021,415.890015,416.779999,411.130005,412.269989,97582800
4/23/2021,412.869995,418.25,412.790009,416.73999,73209200
4/26/2021,417.440002,418.220001,416.809998,417.609985,52182400
4/27/2021,417.929993,418.140015,416.299988,417.519989,51303100
4/28/2021,417.809998,419.01001,416.899994,417.399994,51238900
4/29/2021,420.320007,420.720001,416.440002,420.059998,78544300
4/30/2021,417.630005,418.540009,416.339996,417.299988,85527000
5/3/2021,419.429993,419.839996,417.670013,418.200012,68128300
5/4/2021,416.070007,416.600006,411.670013,415.619995,101591200
5/5/2021,417.380005,417.630005,415.149994,415.75,60162200
5/6/2021,415.829987,419.209991,413.679993,419.070007,74321400
5/7/2021,419.890015,422.820007,419.160004,422.119995,67733800
5/10/2021,422.5,422.73999,417.809998,417.940002,81852400
5/11/2021,413.100006,415.269989,410.059998,414.209991,116888000
5/12/2021,411.230011,412.589996,404,405.410004,134811000
5/13/2021,407.070007,412.350006,407.019989,410.279999,106394000
5/14/2021,413.209991,417.48999,413.179993,416.579987,82201600
5/17/2021,415.390015,416.390015,413.359985,415.519989,65129200
5/18/2021,415.799988,416.059998,411.769989,411.940002,59810200
5/19/2021,406.920013,411.049988,405.329987,410.859985,106467100
5/20/2021,411.799988,416.630005,411.670013,415.279999,78022200
5/21/2021,416.869995,418.200012,414.450012,414.940002,76578700
5/24/2021,417.339996,420.320007,417.079987,419.170013,51376700
5/25/2021,420.329987,420.709991,417.619995,418.23999,57451400
5/26/2021,418.869995,419.609985,417.76001,419.070007,43088600
5/27/2021,420.170013,420.720001,418.98999,419.290009,56707700
5/28/2021,420.970001,421.25,419.790009,420.040009,58520200
6/1/2021,422.570007,422.720001,419.200012,419.670013,54216600
6/2/2021,420.369995,421.230011,419.290009,420.329987,49097100
6/3/2021,417.850006,419.98999,416.279999,418.769989,58138800
6/4/2021,420.75,422.920013,418.839996,422.600006,55938800
6/7/2021,422.589996,422.779999,421.190002,422.190002,51555000
6/8/2021,423.109985,423.209991,420.320007,422.279999,47134300
6/9/2021,423.179993,423.26001,421.410004,421.649994,48436300
6/10/2021,422.959991,424.630005,421.549988,423.609985,51020100
6/11/2021,424.200012,424.429993,422.820007,424.309998,45570800
6/14/2021,424.429993,425.369995,423.100006,425.26001,42358500
6/15/2021,425.420013,425.459991,423.540009,424.480011,51508500
6/16/2021,424.630005,424.869995,419.920013,422.109985,80386100
6/17/2021,421.670013,423.019989,419.320007,421.970001,90949700
6/18/2021,417.089996,417.829987,414.700012,414.920013,118676300
6/21/2021,416.799988,421.059998,415.929993,420.859985,72822000
6/22/2021,420.850006,424,420.079987,423.109985,57700300
6/23/2021,423.190002,424.049988,422.51001,422.600006,49445400
6/24/2021,424.890015,425.549988,424.619995,425.100006,45110300
6/25/2021,425.899994,427.089996,425.549988,426.609985,58129500
6/28/2021,427.170013,427.649994,425.890015,427.470001,53159600
6/29/2021,427.880005,428.559998,427.130005,427.700012,35970500
6/30/2021,427.209991,428.779999,427.179993,428.059998,64827900
7/1/2021,428.869995,430.600006,428.799988,430.429993,53441000
7/2/2021,431.670013,434.100006,430.519989,433.720001,57697700
7/6/2021,433.779999,434.01001,430.01001,432.929993,68710400
7/7/2021,433.660004,434.76001,431.51001,434.459991,63549500
7/8/2021,428.779999,431.730011,427.519989,430.920013,97595200
7/9/2021,432.529999,435.839996,430.709991,435.519989,76238600
7/12/2021,435.429993,437.350006,434.970001,437.079987,52889600
7/13/2021,436.23999,437.839996,435.309998,435.589996,52911300
7/14/2021,437.399994,437.920013,434.910004,436.23999,64130400
7/15/2021,434.809998,435.529999,432.720001,434.75,55126400
7/16/2021,436.01001,436.059998,430.920013,431.339996,75874700
7/19/2021,426.190002,431.410004,421.970001,424.970001,147987000
7/20/2021,425.679993,432.420013,424.829987,431.059998,99608200
7/21/2021,432.339996,434.700012,431.01001,434.549988,64724400
7/22/2021,434.73999,435.720001,433.690002,435.459991,47878500
7/23/2021,437.519989,440.299988,436.790009,439.940002,63766600
7/26/2021,439.309998,441.029999,439.26001,441.019989,43719200
7/27/2021,439.910004,439.940002,435.98999,439.01001,67397100
7/28/2021,439.679993,440.299988,437.309998,438.829987,52472400
7/29/2021,439.820007,441.799988,439.809998,440.649994,47435300
7/30/2021,437.910004,440.059998,437.769989,438.51001,68951200
8/2/2021,440.339996,440.929993,437.209991,437.589996,58783300
8/3/2021,438.440002,441.279999,436.100006,441.149994,58053900
8/4/2021,439.779999,441.119995,438.730011,438.980011,46732200
8/5/2021,440.220001,441.850006,439.880005,441.76001,38969700
8/6/2021,442.100006,442.940002,441.799988,442.48999,46930000
8/9/2021,442.459991,442.799988,441.309998,442.130005,41222600
8/10/2021,442.609985,443.440002,441.880005,442.679993,43339300
8/11/2021,443.820007,443.880005,442.619995,443.779999,44034300
8/12/2021,443.619995,445.26001,442.660004,445.109985,38909400
8/13/2021,445.589996,445.940002,445.070007,445.920013,39470300
8/16/2021,444.529999,447.109985,442.869995,446.970001,73740000
8/17/2021,444.23999,444.959991,440.850006,444.040009,92673900
8/18/2021,442.959991,444.630005,438.920013,439.179993,89351900
8/19/2021,436.269989,441.140015,436.119995,439.859985,92812200
8/20/2021,440.230011,443.709991,439.709991,443.359985,72008700
8/23/2021,445.160004,448.230011,443.440002,447.26001,54973000
8/24/2021,447.970001,448.540009,447.420013,447.970001,38744700
8/25/2021,448.170013,449.459991,447.769989,448.910004,40529700
8/26/2021,448.609985,448.859985,446.160004,446.26001,57829600
8/27/2021,447.119995,450.649994,447.059998,450.25,77235100
8/30/2021,450.970001,453.070007,450.709991,452.230011,48357400
8/31/2021,452.130005,452.48999,450.920013,451.559998,59300200
9/1/2021,452.559998,453.109985,451.549988,451.799988,48721400
9/2/2021,453.320007,454.049988,451.910004,453.190002,42501000
9/3/2021,451.980011,453.630005,451.549988,453.079987,47170500
9/7/2021,452.709991,452.809998,450.73999,451.459991,51671500
9/8/2021,450.890015,451.670013,448.859985,450.910004,56181900
9/9/2021,450.700012,452.570007,448.720001,448.980011,57970400
9/10/2021,451.040009,451.48999,445.309998,445.440002,89948200
9/13/2021,448.640015,448.920013,444.109985,446.579987,83738600
9/14/2021,448.119995,448.339996,443.220001,444.170013,78197100
9/15/2021,444.619995,448.410004,443.440002,447.880005,78792200
9/16/2021,447.320007,448.359985,444.019989,447.170013,77786700
9/17/2021,444.920013,445.369995,441.019989,441.399994,118425000
9/20/2021,434.880005,436.559998,428.859985,434.040009,166445500
9/21/2021,436.529999,437.910004,433.070007,433.630005,92526100
9/22/2021,436.049988,440.029999,433.75,437.859985,102350100
9/23/2021,439.850006,444.890015,439.600006,443.179993,76396000
9/24/2021,441.440002,444.670013,441.209991,443.910004,62094800
9/27/2021,442.809998,444.049988,441.899994,442.640015,61371100
9/28/2021,439.690002,440.040009,432.940002,433.720001,130436300
9/29/2021,435.190002,437.040009,433.850006,434.450012,82329200
9/30/2021,436.019989,436.769989,428.779999,429.140015,140506000
10/1/2021,430.980011,436.029999,427.230011,434.23999,129240100
10/4/2021,433,433.959991,426.359985,428.640015,128570000
10/5/2021,430.23999,435.48999,429.390015,433.100006,90682500
10/6/2021,429.269989,435.119995,427.540009,434.899994,113032200
10/7/2021,438.390015,441.679993,438.200012,438.660004,72437500
10/8/2021,439.480011,439.890015,437.190002,437.859985,74557400
10/11/2021,437.160004,440.26001,434.619995,434.690002,65233300
10/12/2021,435.670013,436.100006,432.779999,433.619995,71181200
10/13/2021,434.709991,436.049988,431.540009,435.179993,72974000
10/14/2021,439.079987,442.660004,438.579987,442.5,70236800
10/15/2021,444.75,446.26001,444.089996,445.869995,66260200
10/18/2021,443.970001,447.549988,443.269989,447.190002,62213200
10/19/2021,448.920013,450.709991,448.269989,450.640015,46996800
10/20/2021,451.130005,452.730011,451.01001,452.410004,49571600
10/21/2021,451.769989,453.829987,451.309998,453.589996,41305400
10/22/2021,453.130005,454.670013,451.049988,453.119995,58845100
10/25/2021,454.279999,455.899994,452.390015,455.549988,45214500
10/26/2021,457.200012,458.48999,455.559998,455.959991,56075100
10/27/2021,456.450012,457.160004,453.859985,453.940002,72438000
10/28/2021,455.459991,458.399994,455.450012,458.320007,51437900
10/29/2021,455.869995,459.559998,455.559998,459.25,70162400
11/1/2021,460.299988,460.700012,458.200012,460.040009,48433600
11/2/2021,460.220001,462.230011,460.079987,461.899994,48908400
11/3/2021,461.299988,465.149994,460.829987,464.720001,52509800
11/4/2021,465.359985,467,464.98999,466.910004,52847100
11/5/2021,469.279999,470.649994,466.920013,468.529999,66390600
11/8/2021,469.700012,470.230011,468.200012,468.929993,50405200
11/9/2021,469.320007,469.570007,465.880005,467.380005,51149100
11/10/2021,465.579987,467.380005,462.040009,463.619995,69429700
11/11/2021,465.209991,465.290009,463.75,463.769989,34848500
11/12/2021,465.119995,467.859985,464.109985,467.269989,53466700
11/15/2021,468.640015,468.809998,466.230011,467.429993,46980500
11/16/2021,467.149994,470.48999,467.070007,469.279999,48857500
11/17/2021,469,469.190002,467.480011,468.140015,47858300
11/18/2021,469.23999,470.01001,466.339996,469.730011,50625600
11/19/2021,469.609985,470.940002,468.5,468.890015,57315600
11/22/2021,470.890015,473.540009,467.350006,467.570007,72762000
11/23/2021,467.220001,469.100006,464.450012,468.190002,73206500
11/24/2021,466.059998,469.570007,465.190002,469.440002,61858800
11/26/2021,462.339996,463.899994,457.769989,458.970001,112669600
11/29/2021,464.070007,466.559998,461.730011,464.600006,86268800
11/30/2021,462,464.029999,455.299988,455.559998,148559600
12/1/2021,461.640015,464.670013,450.290009,450.5,131939200
12/2/2021,450.730011,459.070007,450.309998,457.399994,127637800
12/3/2021,459.170013,460.299988,448.920013,453.420013,137331600
12/6/2021,456.130005,460.790009,453.559998,458.790009,98977500
12/7/2021,464.410004,468.880005,458.649994,468.279999,95484700
12/8/2021,468.700012,470,466.829987,469.519989,72238800
12/9/2021,468.149994,469.630005,466.140015,466.350006,61272600
12/10/2021,469.230011,470.899994,466.51001,470.73999,77159800
12/13/2021,470.190002,470.559998,466.269989,466.570007,87724700
12/14/2021,463.089996,465.73999,460.25,463.359985,97264100
12/15/2021,463.420013,470.859985,460.73999,470.600006,116899300
12/16/2021,472.570007,472.869995,464.799988,466.450012,116568600
12/17/2021,461.549988,464.73999,458.059998,459.869995,135511600
12/20/2021,454.480011,455.399994,451.140015,454.980011,107134800
12/21/2021,458.609985,463.209991,456.309998,463.059998,69806300
12/22/2021,462.790009,467.809998,462.579987,467.690002,58890200
12/23/2021,468.75,472.190002,468.640015,470.600006,56439700
12/27/2021,472.059998,477.309998,472.01001,477.26001,56808600
12/28/2021,477.720001,478.809998,476.059998,476.869995,47274600
12/29/2021,476.980011,478.559998,475.920013,477.480011,54503000
12/30/2021,477.929993,479,475.670013,476.160004,55329000
12/31/2021,475.640015,476.859985,474.670013,474.959991,65237400
1/3/2022,476.299988,477.850006,473.850006,477.709991,72668200
1/4/2022,479.220001,479.980011,475.579987,477.549988,71178700
1/5/2022,477.160004,477.980011,468.279999,468.380005,104538900
1/6/2022,467.890015,470.820007,465.429993,467.940002,86858900
1/7/2022,467.950012,469.200012,464.649994,466.089996,85111600
1/10/2022,462.700012,465.73999,456.600006,465.51001,119362000
1/11/2022,465.230011,469.850006,462.049988,469.75,74303100
1/12/2022,471.589996,473.200012,468.940002,471.019989,67605400
1/13/2022,472.190002,472.880005,463.440002,464.529999,91173100
1/14/2022,461.190002,465.089996,459.899994,464.720001,95890900
1/18/2022,459.73999,459.959991,455.309998,456.48999,109709100
1/19/2022,458.130005,459.609985,451.459991,451.75,109357600
1/20/2022,453.75,458.73999,444.5,446.75,122379700
1/21/2022,445.559998,448.059998,437.950012,437.980011,202271200
1/24/2022,432.029999,440.380005,420.76001,439.839996,251783900
1/25/2022,433.059998,439.720001,427.149994,434.470001,167997300
1/26/2022,440.720001,444.040009,428.859985,433.380005,186391100
1/27/2022,438.26001,441.589996,429.450012,431.23999,149878300
1/28/2022,432.679993,442,427.820007,441.950012,164457400
1/31/2022,441.23999,450.279999,439.809998,449.910004,152251400
2/1/2022,450.679993,453.630005,446.940002,452.950012,123155400
2/2/2022,455.5,458.119995,453.049988,457.350006,117361000
2/3/2022,450.950012,452.970001,445.709991,446.600006,118024400
2/4/2022,446.350006,452.779999,443.829987,448.700012,118454400
2/7/2022,449.51001,450.98999,445.850006,447.26001,84472900
2/8/2022,446.730011,451.920013,445.220001,450.940002,81012000
2/9/2022,455.220001,457.880005,455.01001,457.540009,92589900
2/10/2022,451.339996,457.709991,447.200012,449.320007,140103700
2/11/2022,449.410004,451.609985,438.940002,440.459991,153214600
2/14/2022,439.920013,441.600006,435.339996,439.019989,123006300
2/15/2022,443.730011,446.279999,443.179993,446.100006,88482700
2/16/2022,443.929993,448.059998,441.940002,446.600006,84863600
2/17/2022,443.220001,446.570007,436.420013,437.059998,102259100
2/18/2022,437.329987,438.660004,431.820007,434.230011,132642900
2/22/2022,431.890015,435.5,425.859985,429.570007,124391800
2/23/2022,432.660004,433.26001,421.350006,421.950012,132578000
2/24/2022,411.019989,428.76001,410.640015,428.299988,213942900
2/25/2022,429.609985,437.839996,427.859985,437.75,121804500
2/28/2022,432.029999,438.200012,430.700012,436.630005,145615000
3/1/2022,435.040009,437.170013,427.109985,429.980011,137785900
3/2/2022,432.369995,439.720001,431.570007,437.890015,117726500
3/3/2022,440.470001,441.109985,433.799988,435.709991,105501700
3/4/2022,431.75,433.369995,427.880005,432.170013,113978200
3/7/2022,431.549988,432.299988,419.359985,419.429993,137896600
3/8/2022,419.619995,427.209991,415.119995,416.25,164772700
3/9/2022,425.140015,429.51001,422.820007,427.410004,116990800
3/10/2022,422.519989,426.429993,420.440002,425.480011,93972700
3/11/2022,428.119995,428.769989,419.529999,420.070007,95636300
3/14/2022,420.890015,424.549988,415.790009,417,95729200
3/15/2022,419.769989,426.839996,418.420013,426.170013,106219100
3/16/2022,429.890015,435.679993,424.799988,435.619995,144954800
3/17/2022,433.589996,441.070007,433.190002,441.070007,102676900
3/18/2022,438,444.859985,437.220001,444.519989,106345500
3/21/2022,444.339996,446.459991,440.679993,444.390015,88349800
3/22/2022,445.859985,450.579987,445.859985,449.589996,74650400
3/23/2022,446.910004,448.48999,443.709991,443.799988,79426100
3/24/2022,445.940002,450.5,444.76001,450.48999,64736900
3/25/2022,451.160004,452.980011,448.429993,452.690002,77101300
3/28/2022,452.059998,455.910004,450.059998,455.910004,68529800
3/29/2022,460.019989,462.070007,457.179993,461.549988,86581500
3/30/2022,460.339996,461.200012,456.470001,458.700012,79666900
3/31/2022,457.890015,458.76001,451.160004,451.640015,121699900
4/1/2022,453.309998,453.459991,449.140015,452.920013,89048800
4/4/2022,453.130005,456.910004,452.26001,456.799988,59601000
4/5/2022,455.220001,457.829987,449.820007,451.029999,74214500
4/6/2022,446.890015,448.929993,443.470001,446.519989,106898000
4/7/2022,445.589996,450.690002,443.529999,448.769989,78097200
4/8/2022,447.970001,450.630005,445.940002,447.570007,79272700
4/11/2022,444.109985,445,439.390015,439.920013,89770500
4/12/2022,443.079987,445.75,436.649994,438.290009,84363600
4/13/2022,438.029999,444.109985,437.839996,443.309998,74070400
4/14/2022,443.549988,444.730011,437.679993,437.790009,97869500
4/18/2022,436.809998,439.75,435.609985,437.970001,66002500
4/19/2022,437.859985,445.799988,437.679993,445.040009,77821000
4/20/2022,446.920013,447.570007,443.480011,444.709991,65224400
4/21/2022,448.540009,450.01001,437.100006,438.059998,85417300
4/22/2022,436.910004,438.079987,425.440002,426.040009,132471800
4/25/2022,423.670013,428.690002,418.839996,428.51001,119647700
4/26/2022,425.829987,426.040009,416.070007,416.100006,103996300
4/27/2022,417.23999,422.920013,415.01001,417.269989,122030000
4/28/2022,422.290009,429.640015,417.600006,427.809998,105449100
4/29/2022,423.589996,425.869995,411.209991,412,145491100
5/2/2022,412.070007,415.920013,405.019989,414.480011,158312500
5/3/2022,415.01001,418.929993,413.359985,416.380005,100028200
5/4/2022,417.079987,429.660004,413.709991,429.059998,144247900
5/5/2022,424.549988,425,409.440002,413.809998,172929100
5/6/2022,411.100006,414.799988,405.730011,411.339996,151770800
5/9/2022,405.100006,406.410004,396.5,398.170013,155586100
5/10/2022,404.48999,406.079987,394.820007,399.089996,132497200
5/11/2022,398.070007,404.040009,391.959991,392.75,142361000
5/12/2022,389.369995,395.799988,385.149994,392.339996,125090800
5/13/2022,396.709991,403.179993,395.609985,401.720001,104174400
5/16/2022,399.980011,403.970001,397.600006,400.089996,78622400
5/17/2022,406.529999,408.570007,402.579987,408.320007,83029700
5/18/2022,403.5,403.799988,390.549988,391.859985,117674500
5/19/2022,388.619995,394.140015,387.109985,389.459991,98510700
5/20/2022,393.25,397.029999,380.540009,389.630005,131432200
5/23/2022,392.829987,397.730011,390.380005,396.920013,76414900
5/24/2022,392.559998,395.149994,386.959991,393.890015,91448800
5/25/2022,392.309998,399.450012,391.890015,397.369995,91472900
5/26/2022,398.670013,407.040009,398.450012,405.309998,82168300
5/27/2022,407.910004,415.380005,407.700012,415.26001,84768700
5/31/2022,413.549988,416.459991,410.029999,412.929993,95937000
6/1/2022,415.170013,416.23999,406.929993,409.589996,86585800
6/2/2022,409.420013,417.440002,407.040009,417.390015,79609600
6/3/2022,412.399994,414.040009,409.51001,410.540009,71874300
6/6/2022,414.779999,416.609985,410.549988,411.790009,57508900
6/7/2022,408.100006,416.220001,407.609985,415.73999,59272400
6/8/2022,413.929993,415.820007,410.380005,411.220001,64350000
6/9/2022,409.339996,411.73999,401.440002,401.440002,86289800
6/10/2022,394.880005,395.779999,389.75,389.799988,132893900
6/13/2022,379.850006,381.809998,373.299988,375,170004900
6/14/2022,376.850006,377.940002,370.589996,373.869995,104011800
6/15/2022,377.359985,383.899994,372.119995,379.200012,125666800
6/16/2022,370.51001,370.940002,364.079987,366.649994,134473300
6/17/2022,365.51001,369.380005,362.170013,365.859985,111113900
6/21/2022,371.890015,376.529999,371.809998,375.070007,76811900
6/22/2022,370.619995,378.720001,370.179993,374.390015,90059400
6/23/2022,376.640015,378.829987,372.890015,378.059998,79292100
6/24/2022,381.399994,390.089996,381.369995,390.079987,98050300
6/27/2022,391.049988,391.359985,387.440002,388.589996,66009600
6/28/2022,390.230011,393.160004,380.529999,380.649994,86548900
6/29/2022,381.230011,382.269989,378.420013,380.339996,65676000
6/30/2022,376.23999,380.660004,372.559998,377.25,112508300
7/1/2022,376.559998,381.700012,373.799988,381.23999,74839700
7/5/2022,375.880005,381.980011,372.899994,381.959991,81438000
7/6/2022,382.109985,385.869995,379.600006,383.25,70426200
7/7/2022,385.119995,389.829987,383.269989,388.98999,64525900
7/8/2022,387.269989,390.640015,385.660004,388.670013,72397800
7/11/2022,385.850006,386.869995,383.5,384.230011,58366900
7/12/2022,383.649994,386.160004,378.98999,380.829987,62219200
7/13/2022,375.100006,381.920013,374.660004,378.829987,84224600
7/14/2022,373.609985,379.049988,371.040009,377.910004,89704800
7/15/2022,382.549988,385.25,380.540009,385.130005,79060400
7/18/2022,388.380005,389.089996,380.660004,381.950012,63203600
7/19/2022,386.079987,392.869995,385.390015,392.269989,78506000
7/20/2022,392.470001,396.26001,391.029999,394.769989,71843800
7/21/2022,394.160004,398.839996,391.630005,398.790009,64903900
7/22/2022,398.920013,400.179993,392.75,395.089996,72197300
7/25/2022,395.75,396.470001,393.209991,395.570007,53631500
7/26/2022,393.839996,394.059998,389.950012,390.890015,52946400
7/27/2022,394.359985,402.880005,394.049988,401.040009,82342100
7/28/2022,401.890015,406.799988,398.149994,406.070007,73966600
7/29/2022,407.579987,413.029999,406.769989,411.98999,87003700
8/1/2022,409.149994,413.410004,408.399994,410.769989,69997500
8/2/2022,409.119995,413,406.820007,408.059998,63435400
8/3/2022,410.299988,415.679993,410,414.450012,67820600
8/4/2022,414.369995,415.089996,412.440002,414.170013,45656600
8/5/2022,409.660004,414.149994,409.600006,413.470001,56814900
8/8/2022,415.25,417.619995,411.829987,412.98999,53886100
8/9/2022,412.220001,412.75,410.220001,411.350006,44931800
8/10/2022,418.779999,420.140015,416.720001,419.98999,68665700
8/11/2022,422.98999,424.950012,419.209991,419.98999,59489700
8/12/2022,422.029999,427.209991,421.029999,427.100006,61694500
8/15/2022,424.769989,429.410004,424.709991,428.859985,54048300
8/16/2022,427.730011,431.730011,426.880005,429.700012,59289000
8/17/2022,425.910004,429.5,424.540009,426.649994,63563400
8/18/2022,426.859985,428.609985,425.5,427.890015,49023200
8/19/2022,424.980011,425.26001,421.220001,422.140015,68016900
8/22/2022,417.049988,417.230011,412.399994,413.350006,77695600
8/23/2022,412.899994,415.420013,411.769989,412.350006,49105200
8/24/2022,412.109985,415.109985,411.390015,413.670013,49177800
8/25/2022,415.23999,419.559998,414.089996,419.51001,50942300
8/26/2022,419.390015,419.959991,405.25,405.309998,103087000
8/29/2022,402.200012,405.839996,401.200012,402.630005,65370800
8/30/2022,403.850006,404.100006,396,398.209991,85652400
8/31/2022,399.929993,401.23999,395.040009,395.179993,76029700
9/1/2022,392.890015,396.779999,390.040009,396.420013,78740100
9/2/2022,400.279999,401.559998,390.329987,392.23999,99632100
9/6/2022,393.130005,394.119995,388.420013,390.76001,76637400
9/7/2022,390.429993,398.589996,390.200012,397.779999,70964200
9/8/2022,395.390015,400.859985,394.119995,400.380005,80821700
9/9/2022,402.73999,407.51001,402.459991,406.600006,76706900
9/12/2022,408.779999,411.730011,408.459991,410.970001,69256300
9/13/2022,401.829987,403.100006,391.920013,393.100006,122947100
9/14/2022,394.470001,396.200012,391.119995,394.600006,85023700
9/15/2022,392.959991,395.959991,388.779999,390.119995,87633800
9/16/2022,384.140015,386.25,382.109985,385.559998,103084800
9/19/2022,382.26001,388.549988,382.179993,388.549988,73278500
9/20/2022,385.059998,386.119995,381.200012,384.089996,77274900
9/21/2022,386.109985,389.309998,377.380005,377.390015,106746600
9/22/2022,376.579987,378.299988,373.440002,374.220001,89472600
9/23/2022,370.579987,370.619995,363.290009,367.950012,122346900
9/26/2022,366.410004,370.209991,363.029999,364.309998,92581200
9/27/2022,368.019989,370.399994,360.869995,363.380005,108294100
9/28/2022,364.380005,372.299988,362.600006,370.529999,110802200
9/29/2022,366.809998,367.109985,359.700012,362.790009,112952300
9/30/2022,361.799988,365.910004,357.040009,357.179993,153711200
10/3/2022,361.079987,368.549988,359.209991,366.609985,89756500
10/4/2022,372.399994,378,366.570007,377.970001,103602800
10/5/2022,373.390015,379.459991,370.950012,377.089996,88065700
10/6/2022,375.619995,378.720001,372.679993,373.200012,82333500
10/7/2022,368.970001,373.290009,360.940002,362.790009,107789500
10/10/2022,363.959991,364.209991,357.670013,360.019989,76042800
10/11/2022,358.23999,363.029999,355.709991,357.73999,92482800
10/12/2022,358.170013,359.820007,356.299988,356.559998,76991800
10/13/2022,349.209991,367.51001,348.109985,365.970001,147254500
10/14/2022,368.549988,370.26001,356.959991,357.630005,123737000
10/17/2022,364.01001,367.980011,357.279999,366.820007,93168200
10/18/2022,375.130005,375.450012,367.519989,371.130005,97162900
10/19/2022,368.98999,371.850006,365.549988,368.5,79746900
10/20/2022,368.029999,372.670013,364.609985,365.410004,88283100
10/21/2022,365.119995,374.799988,363.540009,374.290009,131038400
10/24/2022,375.890015,380.059998,373.109985,378.869995,85436900
10/25/2022,378.790009,385.25,378.670013,384.920013,78846300
10/26/2022,381.619995,387.579987,381.350006,382.019989,104087300
10/27/2022,383.070007,385,379.329987,379.980011,81971800
10/28/2022,379.869995,389.519989,379.679993,389.019989,100302000
10/31/2022,386.440002,388.399994,385.26001,386.209991,96631300
11/1/2022,390.140015,390.390015,383.290009,384.519989,85407600
11/2/2022,383.899994,388.630005,374.76001,374.869995,126990400
11/3/2022,371.470001,374.200012,368.790009,371.01001,87100100
11/4/2022,377,378.869995,370,376.350006,103505200
11/7/2022,377.709991,380.570007,375.529999,379.950012,68286900
11/8/2022,381.109985,385.119995,377.720001,382,84641100
11/9/2022,379.929993,381.140015,373.609985,374.130005,78495500
11/10/2022,388.049988,395.040009,385.640015,394.690002,141455800
11/11/2022,395.589996,399.350006,393.609985,398.51001,93839900
11/14/2022,396.660004,400.179993,394.829987,395.119995,71903500
11/15/2022,401.149994,402.309998,394.48999,398.48999,93194500
11/16/2022,396.779999,397.779999,394.790009,395.450012,68508500
11/17/2022,390.459991,394.950012,390.140015,394.23999,74496300
11/18/2022,397.73999,397.809998,393.040009,396.029999,92922500
11/21/2022,394.640015,395.820007,392.660004,394.589996,51243200
11/22/2022,396.630005,400.070007,395.149994,399.899994,60429000
11/23/2022,399.549988,402.929993,399.309998,402.420013,68261600
11/25/2022,401.829987,402.910004,401.540009,402.329987,30545400
11/28/2022,399.089996,400.809998,395.109985,395.910004,67881600
11/29/2022,396.049988,397.299988,393.299988,395.230011,52310000
11/30/2022,395.48999,407.679993,393.480011,407.679993,144566700
12/1/2022,408.769989,410,404.75,407.380005,76398200
12/2/2022,402.25,407.859985,402.140015,406.910004,85273900
12/5/2022,403.950012,404.929993,398.170013,399.589996,77289800
12/6/2022,399.420013,399.98999,391.640015,393.829987,77972200
12/7/2022,392.940002,395.640015,391.970001,393.160004,65927900
12/8/2022,395.140015,397.359985,393.269989,396.23999,60737900
12/9/2022,394.940002,397.619995,393.149994,393.279999,81367500
12/12/2022,394.109985,398.950012,393.410004,398.950012,75405800
12/13/2022,410.220001,410.48999,399.070007,401.970001,123782500
12/14/2022,401.609985,405.5,396.309998,399.399994,108111300
12/15/2022,394.299988,395.25,387.890015,389.630005,117705900
12/16/2022,385.179993,386.579987,381.040009,383.269989,119764500
12/19/2022,383.470001,383.820007,378.279999,380.019989,79878100
12/20/2022,379.230011,382.230011,377.850006,380.540009,74427200
12/21/2022,383.25,387.410004,382.690002,386.230011,78167400
12/22/2022,383.049988,386.209991,374.769989,380.720001,100120900
12/23/2022,379.649994,383.059998,378.029999,382.910004,59761100
